stock_name,effective_exposure,exposure_pct
HDFC Bank Ltd.,22581.5,2.8051552795031056
ICICI Bank Ltd.,18772.5,2.3319875776397514
Infosys Ltd.,15675.5,1.9472670807453418
Reliance Industries Ltd.,12596.0,1.56472049689441
Maruti Suzuki India Ltd.,11178.5,1.3886335403726708
